campus,count,mean
ETH-Höngerberg,3,8.333333333333334
ETH-Zentrum,11,6.818181818181818
